{
	"credit": "Made with Blockbench",
	"parent": "block/block",
	"textures": {
		"5": "block/azalea_leaves",
		"6": "block/flowering_azalea_leaves_chuiye",
		"7": "block/flowering_azalea_leaves_chuiye2",
		"3": "block/better_flowering_azalea_leaves_chuiye2",
		"4": "block/better_flowering_azalea_leaves1_chuiye2",
		"particle": "texture"
	},
	"elements": [
		{
			"from": [0, 0, 0],
			"to": [16, 16, 16],
			"faces": {
				"north": {"uv": [0, 0, 16, 16], "texture": "#7", "cullface": "north"},
				"east": {"uv": [0, 0, 16, 16], "texture": "#7", "cullface": "east"},
				"south": {"uv": [0, 0, 16, 16], "texture": "#7", "cullface": "south"},
				"west": {"uv": [0, 0, 16, 16], "texture": "#7", "cullface": "west"},
				"up": {"uv": [0, 0, 16, 16], "texture": "#5", "cullface": "up"},
				"down": {"uv": [0, 0, 16, 16], "texture": "#6"}
			}
		},
		{
			"from": [8, -4, -3.95],
			"to": [8, 20, 20.05],
			"shade": false,
			"rotation": {"angle": 22.5, "axis": "y", "origin": [8, 5, 8.25], "rescale": true},
			"faces": {
				"east": {"uv": [0.5, 0.5, 15.5, 15.5], "texture": "#3"},
				"west": {"uv": [0.5, 0.5, 15.5, 15.5], "texture": "#3"}
			}
		},
		{
			"from": [-4.05, -16, 8],
			"to": [19.95, 16, 8],
			"shade": false,
			"rotation": {"angle": -22.5, "axis": "y", "origin": [8.25, 5, 8], "rescale": true},
			"faces": {
				"north": {"uv": [1, 0, 15, 16], "texture": "#4"},
				"south": {"uv": [1, 0, 15, 16], "texture": "#4"}
			}
		},
		{
			"from": [-4.05, -4, 8],
			"to": [19.95, 20, 8],
			"shade": false,
			"rotation": {"angle": 22.5, "axis": "y", "origin": [7.75, 5, 8], "rescale": true},
			"faces": {
				"north": {"uv": [0.5, 0.5, 15.5, 15.5], "texture": "#3"},
				"south": {"uv": [0.5, 0.5, 15.5, 15.5], "texture": "#3"}
			}
		},
		{
			"from": [8, -16, -4.05],
			"to": [8, 16, 19.95],
			"shade": false,
			"rotation": {"angle": -22.5, "axis": "y", "origin": [8, 5, 7.65], "rescale": true},
			"faces": {
				"east": {"uv": [1, 0, 15, 16], "texture": "#4"},
				"west": {"uv": [1, 0, 15, 16], "texture": "#4"}
			}
		}
	]
}