{
	"credit": "Made with Blockbench",
	"parent": "block/block",
	"textures": {
		"particle": "#all"
	},
	"elements": [
		{
			"from": [0, 0, 0],
			"to": [16, 16, 16],
			"faces": {
				"north": {"uv": [0, 0, 16, 16], "texture": "#all", "cullface": "north", "tintindex": 0},
				"east": {"uv": [0, 0, 16, 16], "texture": "#all", "cullface": "east", "tintindex": 0},
				"south": {"uv": [0, 0, 16, 16], "texture": "#all", "cullface": "south", "tintindex": 0},
				"west": {"uv": [0, 0, 16, 16], "texture": "#all", "cullface": "west", "tintindex": 0},
				"up": {"uv": [0, 0, 16, 16], "texture": "#all", "cullface": "up", "tintindex": 0},
				"down": {"uv": [0, 0, 16, 16], "texture": "#all", "cullface": "down", "tintindex": 0}
			}
		},
		{
			"from": [8, -4.75, -4.95],
			"to": [8, 20.75, 20.35],
			"shade": false,
			"rotation": {"angle": 22.5, "axis": "y", "origin": [8, 5, 8], "rescale": true},
			"faces": {
				"east": {"uv": [1, 1, 15, 15], "texture": "#s", "tintindex": 0},
				"west": {"uv": [1, 1, 15, 15], "texture": "#s", "tintindex": 0}
			}
		},
		{
			"from": [-4.95, -4.75, 8],
			"to": [20.35, 20.75, 8],
			"shade": false,
			"rotation": {"angle": 22.5, "axis": "y", "origin": [8, 5, 8], "rescale": true},
			"faces": {
				"north": {"uv": [1, 1, 15, 15], "texture": "#s", "tintindex": 0},
				"south": {"uv": [1, 1, 15, 15], "texture": "#s", "tintindex": 0}
			}
		}
	]
}