{
	"credit": "Made by Nan2uu",
	"parent": "minecraft:block/infested_stone",
	"textures": {
		"particle": "#q"
	},
	"elements": [
		{
			"from": [0, 0, 0],
			"to": [16, 16, 16],
			"faces": {
				"north": {"uv": [0, 0, 16, 16], "texture": "#q"},
				"east": {"uv": [0, 0, 16, 16], "texture": "#q"},
				"south": {"uv": [0, 0, 16, 16], "texture": "#q"},
				"west": {"uv": [0, 0, 16, 16], "texture": "#q"},
				"up": {"uv": [0, 0, 16, 16], "texture": "#s"},
				"down": {"uv": [0, 0, 16, 16], "texture": "#x"}
			}
		},
		{
			"from": [-1, -1, 17],
			"to": [17, 17, -1],
			"rotation": {"angle": 0, "axis": "y", "origin": [8, 8, 26]},
			"faces": {
				"north": {"uv": [16, 0, 0, 16], "texture": "#rgb"},
				"east": {"uv": [0, 0, 16, 16], "texture": "#rgb"},
				"south": {"uv": [16, 0, 0, 16], "texture": "#rgb"},
				"west": {"uv": [0, 0, 16, 16], "texture": "#rgb"},
				"up": {"uv": [0, 0, 16, 16], "texture": "#rgb"},
				"down": {"uv": [0, 0, 16, 16], "texture": "#rgb"}
			}
		}
	]
}