{
  "parent": "minecraft:item/generated",
  "textures": {
    "layer0": "minecraft:item/bowl"
  },
  "overrides": [
    { "predicate": {"custom_model_data":10002}, "model": "item/chxx_jj_yunshan_chuangtou" },
    { "predicate": {"custom_model_data":10003}, "model": "item/chxx_jj_xiangmu_chuangtou" },
    { "predicate": {"custom_model_data":20000}, "model": "item/chxx_jj_yunshan_zhuotui" },
    { "predicate": {"custom_model_data":20001}, "model": "item/chxx_jj_yunshan_zhuotui_h" },
    { "predicate": {"custom_model_data":20002}, "model": "item/chxx_jj_yunshan_zhuotui_d" },
    { "predicate": {"custom_model_data":20003}, "model": "item/chxx_jj_yunshan_zhuotui_x" },
    { "predicate": {"custom_model_data":20004}, "model": "item/chxx_jj_yunshan_bitai" },
    { "predicate": {"custom_model_data":30000}, "model": "item/chxx_jj_yunshan_yizi" },
    { "predicate": {"custom_model_data":30001}, "model": "item/chxx_jj_yunshan_yizi_zuo" },
    { "predicate": {"custom_model_data":30002}, "model": "item/chxx_jj_yunshan_yizi_you" },
    { "predicate": {"custom_model_data":40000}, "model": "item/chxx_jj_yunshan_zhuozi_d" },
    { "predicate": {"custom_model_data":40001}, "model": "item/chxx_jj_yunshan_sanjiaoti" },
    { "predicate": {"custom_model_data":40002}, "model": "item/chxx_jj_yunshan_zhuozi_z" },
    { "predicate": {"custom_model_data":40003}, "model": "item/chxx_jj_yunshan_zhuozi_x" },
    { "predicate": {"custom_model_data":40004}, "model": "item/chxx_jj_yunshan_zhuozi_xx" }
  ]
}