{
  "multipart": [
    {
      "when": {"persistent": "false"},
      "apply": [
        {"model": "minecraft:block/flowering_azalea_leaves"},
        {"model": "minecraft:block/flowering_azalea_leaves"},
        {"model": "minecraft:block/flowering_azalea_leaves"}
      ]
    },
    {
      "when": {"persistent": "true","distance": "7"},
      "apply": {"model": "minecraft:block/flowering_azalea_leaves"}
    },
    {
      "when": {"persistent": "true","distance": "1"},
      "apply": {"model": "minecraft:block/leaves_ws_chuiye2"}
    },
    {
      "when": {"persistent": "true","distance": "2"},
      "apply": {"model": "minecraft:block/leaves_ws_chuiye"}
    },
    {
      "when": {"persistent": "true","distance": "3"},
      "apply": {"model": "minecraft:block/leaves_ws_chuiye"}
    },
    {
      "when": {"persistent": "true","distance": "4"},
      "apply": {"model": "minecraft:block/leaves_ws_chuiye2"}
    },
    {
      "when": {"persistent": "true","distance": "5"},
      "apply": {"model": "minecraft:block/leaves_ws_chuiye2"}
    },
    {
      "when": {"persistent": "true","distance": "6"},
      "apply": {"model": "minecraft:block/flowering_azalea_leaves"}
    }
  ]
}