{
  "multipart": [
    {
      "when": {"persistent": "false"},
      "apply": [
        {"model": "minecraft:block/oak_leaves","weight":450},
        {"model": "minecraft:block/oak_leaves_flower","weight":1},
        {"model": "minecraft:block/oak_leaves_flower1","weight":1},
        {"model": "minecraft:block/oak_leaves_flower2","weight":1}
      ]
    },
    {
      "when": {"persistent": "true","distance": "7"},
      "apply": {"model": "minecraft:block/oak_leaves"}
    },
    {
      "when": {"persistent": "true","distance": "1"},
      "apply": {"model": "minecraft:block/oak_leaves"}
    },
    {
      "when": {"persistent": "true","distance": "2"},
      "apply": {"model": "minecraft:block/oak_leaves"}
    },
    {
      "when": {"persistent": "true","distance": "3"},
      "apply": {"model": "minecraft:block/oak_leaves"}
    },
    {
      "when": {"persistent": "true","distance": "4"},
      "apply": {"model": "minecraft:block/oak_leaves"}
    },
    {
      "when": {"persistent": "true","distance": "5"},
      "apply": {"model": "minecraft:block/oak_leaves"}
    },
    {
      "when": {"persistent": "true","distance": "6"},
      "apply": {"model": "minecraft:block/oak_leaves"}
    }
  ]
}